t,x,x_dot,theta,theta_dot,u
0.0,0.0,0.0,0.1,0.0,-7.371387386246927
0.01,-0.0006525979834739081,-0.07361537304334512,0.09294251842815816,-0.7028815660741248,-0.03270449848589507
0.02,-0.0014593827801564164,-0.08746544440331416,0.08605114811513236,-0.6745270376416393,-0.034707919085436245
0.03,-0.0023991006811798885,-0.10016886041872865,0.07943637035260734,-0.6470450971341614,-0.033277080832914585
0.04,-0.00346025177244889,-0.11181103467848678,0.07309297019786182,-0.6208866182924463,-0.02404912861528974
0.05,-0.004631858332406775,-0.12234081054037985,0.06701531320764256,-0.5948074101450795,-0.01964640419245889
0.06,-0.00590340463164903,-0.13188026813445064,0.06119797557720545,-0.5697411477785718,-0.010825247295581875
0.07,-0.00726488697175781,-0.14033528031787781,0.05563499327296509,-0.5439315749699181,-0.015309210014279984
0.08,-0.008706726704380417,-0.14787298287150438,0.05032082131296751,-0.5189011566988724,-0.017914141518874604
0.09,-0.010219820916074467,-0.1545266634295838,0.045249569986939873,-0.49451236754731664,-0.020092746334511524
0.1,-0.011795499043677752,-0.16039589769831294,0.0404154150837019,-0.4714695778160766,-0.01483721176042696
0.11,-0.013425539678933755,-0.1654651219040797,0.035812254223434446,-0.4490513324007389,-0.009429121108256222
0.12,-0.015102139421748071,-0.16972568504396565,0.031433961384642134,-0.42663611693207515,-0.010134184996126727
0.13,-0.016817878995727807,-0.17331517124211404,0.02727467475892928,-0.405443971614732,-0.004731627967931029
0.14,-0.018565764724242033,-0.17617950477466435,0.023328141990102833,-0.38431282676840195,-0.004885484646007576
0.15,-0.020339165847650473,-0.17839492127505902,0.01958836707562713,-0.3637231853837723,-0.005770859928792671
0.16,-0.02213182774748842,-0.18000950648530295,0.016049308353024767,-0.3438173413099367,-0.0059452339994130465
0.17,-0.02393785881673253,-0.18105206632390097,0.01270490608149889,-0.3245102271811241,-0.006237124694979723
0.18,-0.025751710448561796,-0.18158510655744137,0.009549196439478096,-0.3061516134886795,-0.003103733312817103
0.19,-0.027568181430688576,-0.18160386695124586,0.006576121060288954,-0.28826395725817555,-0.0012930902592149796
0.2,-0.029382387162307334,-0.18115885844118138,0.0037797770959694787,-0.2710740349615742,0.0015202503715785465
0.21,-0.03118976120437304,-0.18027441811664852,0.0011542641061003459,-0.2544947658577201,0.004520591655590267
0.22,-0.03298604469100232,-0.178945016063489,-0.0013063161500535944,-0.23807892240997103,0.003286183960250433
0.23,-0.03476726067450477,-0.17722792526703426,-0.0036076702640949355,-0.22217737031083618,0.0014078260264761278
0.24,-0.03652971380307584,-0.17517645837842682,-0.005755438914299395,-0.20710436887631345,0.002114897377175372
0.25,-0.03826998466161626,-0.17280807073017404,-0.007755254278691584,-0.19273868889752957,0.0042734047609254144
0.26,-0.039984914674879746,-0.1701333548011129,-0.009612677739520584,-0.17888586586096955,0.006019536695533234
0.27,-0.04167159370293867,-0.16716915108723726,-0.011333169389870437,-0.16544189614353907,0.0064013713854310095
0.28,-0.04332734826281478,-0.16394890435939014,-0.012922063410516119,-0.15252249036108695,0.006675083203520171
0.29,-0.0449497342633501,-0.16050568575780802,-0.01438459781064445,-0.14025063872239457,0.008173453563381283
0.3,-0.046536534833312306,-0.15682424152956306,-0.01572600569662463,-0.12815699911917808,0.006290350667796374
0.31,-0.0480857318098784,-0.15296117311612337,-0.016951275079036324,-0.11668193163411099,0.005548331350023417
0.32,-0.04959551332645827,-0.1489378272854104,-0.01806535764096381,-0.10583638622742524,0.006164703696838969
0.33,-0.05106425910996179,-0.14477572108592282,-0.019073096529468585,-0.09564448006504854,0.008490997780558951
0.34,-0.05249053576672012,-0.14047008463590668,-0.019979276610064444,-0.08581253855833378,0.009692562417145889
0.35000000000000003,-0.053873081509924155,-0.1360316683652847,-0.020788540298312726,-0.07625144268573411,0.008988297921301291
0.36,-0.055210796263929704,-0.13149590210830148,-0.02150536812327388,-0.06719086866924127,0.00879638761737711
0.37,-0.056502741098319785,-0.126874379275909,-0.022134173402593018,-0.05857258425706086,0.008647750627237771
0.38,-0.05774812540340426,-0.12218539748836729,-0.0226792411483643,-0.050431954074587886,0.009012934743810153
0.39,-0.058946302485325924,-0.1174325963175864,-0.023144769662927073,-0.04263065355059585,0.00862053721056566
0.4,-0.06009675555010886,-0.11264588627726309,-0.02353478942624251,-0.0353680267038651,0.009586767625658243
0.41000000000000003,-0.06119909965989759,-0.10782263909380825,-0.023853279058772513,-0.028445702347109705,0.01003807619679642
0.42,-0.06225306759850709,-0.10297219938719099,-0.024104077568121746,-0.021823735056935953,0.009689994975508487
0.43,-0.06325850340585189,-0.09811323330485641,-0.02429088987693265,-0.015587205094796426,0.009511887741447067
0.44,-0.06421535856585234,-0.09325566923752185,-0.02441732294479307,-0.009720219045059169,0.009459612190507505
0.45,-0.06512368400826962,-0.08841053680346939,-0.024486866999089484,-0.004228641942454678,0.009706566503285385
0.46,-0.06598362513802239,-0.08358200549368675,-0.02450291205837892,0.0009596745393606726,0.00964265258249819
0.47000000000000003,-0.06679541358449351,-0.07878155610008138,-0.024468720921444368,0.005818000659011374,0.009648655171536014
0.48,-0.06755936331720866,-0.07401584194876525,-0.02438745422297846,0.010372714238313787,0.009571432682181635
0.49,-0.0682758641300926,-0.06929254209554583,-0.024262160106734786,0.014630382978644177,0.009455282608926474
0.5,-0.06894537665790514,-0.06461781848413053,-0.02409578058811448,0.018609795029640667,0.009220506373315507
0.51,-0.06956842681751378,-0.05999870391843917,-0.02389114829358654,0.022312350975728604,0.008960323771747714
0.52,-0.07014560126991579,-0.05544029267663595,-0.023650993557760173,0.025757419870034534,0.008586095973097008
0.53,-0.0706775412546481,-0.05095448506517718,-0.02337792880745611,0.028873266695411987,0.008921422418453062
0.54,-0.07116494131842475,-0.0465389583688003,-0.023074491792348602,0.031760148256791784,0.009062760707428508
0.55,-0.07160854139147901,-0.0421994689239136,-0.02274310336783353,0.03441176310290675,0.00917368880243119
0.56,-0.07200912469626201,-0.03793639182205809,-0.02238609592883125,0.036883729533414636,0.008794719285233343
0.5700000000000001,-0.07236751163713516,-0.03375786566927958,-0.022005689393023265,0.03912949434753469,0.00848935861313449
0.58,-0.07268455768024086,-0.029668792434049105,-0.02160401489146796,0.041138050359396425,0.008462515623679057
0.59,-0.0729611507220737,-0.02566417621957378,-0.021183129941594072,0.04301741262022576,0.0077230493691986535
0.6,-0.07319820319988862,-0.02175683853464092,-0.02074496581128685,0.04464838146425532,0.00755708043974157
0.61,-0.07339665415706055,-0.017943134050645324,-0.020291397284818845,0.04611329921135189,0.0072267977084182755
0.62,-0.07355746174414843,-0.014230262363657072,-0.019824190885209463,0.047354847795815676,0.00739327561382086
0.63,-0.07368160359873796,-0.01061467624014833,-0.019345049639847126,0.04844613903398505,0.00740698716346011
0.64,-0.07377007084499305,-0.007101867081402753,-0.018855576197725273,0.04934358196019273,0.00778695159771936
0.65,-0.07382386937804299,-0.0036809549095660776,-0.01835732516146297,0.0502046919833988,0.00703255511233436
0.66,-0.0738440111703252,-0.00036338766777091903,-0.017851728895343037,0.05090452426318416,0.006474544246266034
0.67,-0.07383151719752265,0.002851062134977768,-0.017340166830014884,0.05146089050694751,0.00600937310244587
0.68,-0.07378741303275814,0.005961004959948743,-0.016823941419554646,0.05186836983376691,0.005764360085767306
0.6900000000000001,-0.07371272702810826,0.008965693368653455,-0.016304284788633418,0.05212671077801082,0.005812773093574697
0.7000000000000001,-0.07360848896004045,0.011869411039385032,-0.015782369575882964,0.05229585216132333,0.005621885443401142
0.71,-0.07347572591046078,0.014667571962692512,-0.015259283667866694,0.052322315073542305,0.005794573426594729
0.72,-0.07331546343072853,0.0173655225029565,-0.014736069464492381,0.0522743781567926,0.005710121953545588
0.73,-0.07312872112032245,0.019961239417514487,-0.014213691869183916,0.052125945040354546,0.005692421791718083
0.74,-0.07291651359949124,0.02246148517140652,-0.013693072293899452,0.051958625573046514,0.004982770513957846
0.75,-0.07267984563683424,0.024860265021931092,-0.013175048237263782,0.051692581832394176,0.004439970250438102
0.76,-0.07241971360735164,0.027156722538248017,-0.01266041067766633,0.0513103526898392,0.004295010507731595
0.77,-0.07213710373907647,0.029352066058830978,-0.012149900053283182,0.050818559033639285,0.004535257869047488
0.78,-0.07183299135008288,0.03145216158423958,-0.011644213397384634,0.05028043529735451,0.004578138722887565
0.79,-0.07150833826328643,0.033458002776173446,-0.011143987516448368,0.04969681949718753,0.004465043768366289
0.8,-0.07116409194367103,0.03536653072560106,-0.010649802563606934,0.04901651170860653,0.004757447606914295
0.81,-0.07080118816647273,0.037193280385718674,-0.010162228657833882,0.04841946305659956,0.003696073560895012
0.8200000000000001,-0.07042054254166866,0.03892393655651065,-0.009681732157600586,0.0477113248589028,0.003274635645901164
0.8300000000000001,-0.07002305811562161,0.04056722021708882,-0.009208781893691537,0.04698463005218497,0.002607095846746812
0.84,-0.06960961855812797,0.042116012122993395,-0.008743774253484222,0.04613292989619639,0.0028017406547598336
0.85,-0.06918109257079602,0.043579095659709466,-0.008287097608115314,0.04524767232465593,0.002979851604331493
0.86,-0.06873832999200279,0.04495988262007524,-0.007839092061454417,0.044352359197450765,0.0029426014248034454
0.87,-0.06828216158078651,0.04625803024997787,-0.007400054340034838,0.043422842172555876,0.0029674916068939683
0.88,-0.06781340011201788,0.047478973915937396,-0.00697025826602222,0.042506560654784045,0.002612232423581884
0.89,-0.06733283792925858,0.04862065498483649,-0.0065499301800627414,0.0415567146330056,0.0023783134729042366
0.9,-0.06684124911774314,0.04968915790448546,-0.006139281381221523,0.040627800983731574,0.0017494815967980804
0.91,-0.06633938602279896,0.05067820144245334,-0.005738469184989868,0.03961932073467775,0.001762836250210481
0.92,-0.06582798286702853,0.051593272703275996,-0.005347646051176957,0.03857752080063438,0.0019818858697811526
0.93,-0.0653077542021061,0.052442747928197496,-0.004966943512411859,0.03758446488598272,0.001609397811249469
0.9400000000000001,-0.06477939170299414,0.053218232689644,-0.004596434783597458,0.036512342858664996,0.0019521366482195823
0.9500000000000001,-0.0642435700575633,0.053932239746670836,-0.004236210496967585,0.03549450179597592,0.001695659515138781
0.96,-0.06370094106488176,0.05458093730513983,-0.003886306507783224,0.034459848809237525,0.0015750925754399736
0.97,-0.0631521378039038,0.055170440391393405,-0.003546757073587969,0.03346154431601704,0.0010778170579298085
0.98,-0.06259777150519111,0.055696666434088396,-0.0032175563425667847,0.0324252418166283,0.0009690952817423271
0.99,-0.0620384347674439,0.056165167043620394,-0.0028986987021210288,0.03139703019749986,0.000804826278972326
1.0,-0.06147469917352363,0.05657529577158034,-0.002590148697372033,0.030345570623849027,0.0009164909631225182
1.01,-0.06090711702513137,0.05693027963984153,-0.0022918620359621143,0.029288029801386763,0.0011478660929691298
1.02,-0.06033622142713597,0.057236669947370034,-0.0020037855914288457,0.02828325098337481,0.0009235700068819241
1.03,-0.059762524608051114,0.05749246561599381,-0.0017258350107513729,0.027283328526155306,0.0007380621751573724
1.04,-0.05918652027856508,0.05770066613573142,-0.0014579224737784995,0.026303051916271806,0.0004558683343028891
1.05,-0.05860868290540737,0.05786315473713861,-0.0011999455927401207,0.025343474032526143,7.835904301900509e-05
1.06,-0.05802946785830718,0.057979988337842674,-0.0009517869458608302,0.024383062326071136,-0.00016744450152239576
1.07,-0.05744931147784798,0.05804807399864232,-0.0007133123635356858,0.02336117927067067,0.0003368852429009861
1.08,-0.05686863405316279,0.05807817177193629,-0.0004844053492452306,0.022390642027774216,0.00046888130708755416
1.09,-0.0562878365554681,0.05807225802176544,-0.00026492322889469364,0.021474783329222376,0.0002035800103473706
1.1,-0.05570730160252252,0.05802760053014657,-5.4705986453334184e-05,0.020558409745325783,0.00010235682433656912
1.11,-0.05512739557961009,0.057948082834447336,0.0001464006265238153,0.01966937410838134,-0.00010725327478622315
1.12,-0.054548467374393374,0.05783401589035558,0.0003385644739642031,0.018791236330064777,-0.00025409334842796394
1.1300000000000001,-0.053970849409558326,0.057686443141885924,0.0005219578452133737,0.017917091230752757,-0.0002633374360307972
1.1400000000000001,-0.05339485821011749,0.057508446650015796,0.0006967542156285432,0.01706590786977322,-0.00032037055993405783
1.1500000000000001,-0.05282079401194487,0.057300336386877614,0.0008631371108360427,0.016222406564316158,-0.0002676218802794006
1.16,-0.0522489419893103,0.05706505536259191,0.0010212888381985826,0.015404633149969038,-0.00028242012653456605
1.17,-0.05167957171622186,0.05680236747051134,0.0011714013871247477,0.014591315117464214,-0.00014822246658574567
1.18,-0.05111293903470971,0.05651826402377605,0.0013136573209231006,0.013839451206861525,-0.00043421074790161995
1.19,-0.050549284051035245,0.05620982764389051,0.001448259136132415,0.013095114990849973,-0.00059730069560604
1.2,-0.04998883377304229,0.05587947604562092,0.0015754006619479986,0.012371508096289315,-0.0007682932078761917
1.21,-0.049431801276403335,0.05552721328362054,0.0016952818924226647,0.011652104086091393,-0.0007802160809274872
1.22,-0.04887838662032083,0.05515395689941212,0.0018081019836854826,0.01093224086276209,-0.0005855417257810691
1.23,-0.04832877755202062,0.05476352800663148,0.00191405491478779,0.010243998752435677,-0.0005057324831684307
1.24,-0.047783149031017505,0.05435717148771133,0.002013339915725245,0.00958770355816504,-0.0005440756246539724
1.25,-0.047241664047977375,0.05393628423425899,0.0021061557184275472,0.008966029888514773,-0.0007277751746578298
1.26,-0.046704473648308514,0.0535001193699907,0.002192704745991408,0.00835530311964619,-0.0008200394932541544
1.27,-0.046171718099107244,0.0530507479471109,0.0022731829994973238,0.007767519538130123,-0.0009422279566440039
1.28,-0.0456435263230741,0.05258706429003644,0.0023477915901800126,0.007175410607676977,-0.0008220969595141847
1.29,-0.04512001753783182,0.05211278145235851,0.0024167206795258763,0.006612383980011156,-0.0007963591720235863
1.3,-0.04460130040660508,0.051628690670450055,0.0024801644968233624,0.006075762750753036,-0.0008399888591195115
1.31,-0.04408747376245684,0.05113491467971013,0.0025383166505674373,0.005554948133488839,-0.0008487232300803393
1.32,-0.04357862729602225,0.05063296024845343,0.002591365854118703,0.005057071815318404,-0.0008963817093257109
1.33,-0.04307484154073368,0.05012335409326473,0.002639500385690667,0.004577439785304354,-0.0009383500506340292
1.34,-0.04257618843880944,0.04960699158865513,0.002682905237007889,0.004116385904756793,-0.000980634133109115
1.35,-0.04208273150994539,0.04908400571683103,0.0027217641721692418,0.0036651278938965794,-0.0009379557026507612
1.36,-0.04159452661479721,0.048556441143519515,0.0027562542916158487,0.0032391872852178026,-0.0009689966166935848
1.37,-0.041111621621729044,0.0480240219159757,0.002786554241787526,0.0028254788269646974,-0.000945600820742909
1.3800000000000001,-0.04063405732572806,0.04748789049277285,0.0028128367057904252,0.0024290417828774177,-0.0009215554088568556
1.3900000000000001,-0.04016186754933503,0.04694920832492617,0.002835271049150986,0.0020555399833074,-0.0009570231360240822
1.4000000000000001,-0.039695079294808325,0.04640812407424246,0.0028540252527234603,0.0016983571170787937,-0.0009890736456018567
1.41,-0.039233713266638416,0.04586513144177498,0.0028692631414051787,0.0013555620949791663,-0.001001863132797487
1.42,-0.03877778411634189,0.04532071292137317,0.002881145007501839,0.00102544816096101,-0.0009818726617398799
1.43,-0.038327300825029505,0.04477590158675097,0.002889826433205238,0.0007135473164827488,-0.000988264034512687
1.44,-0.03788226677020747,0.044230889010310276,0.0028954609798919353,0.00041522110859245156,-0.0009782254021333259
1.45,-0.037442680213882314,0.04368634783998058,0.0028981975294692028,0.00013218471060562115,-0.0009727263009254861
1.46,-0.037008534493326355,0.04314291793240458,0.00289818125973292,-0.00013392477306884405,-0.0009919875488575425
1.47,-0.03657981821002083,0.04260072785680349,0.002895554558846652,-0.000387537946771383,-0.0009953862085948506
1.48,-0.036156515639665834,0.04206036351495753,0.0028904550921011263,-0.0006270537715313454,-0.0010028245257934776
1.49,-0.03573860685920717,0.041522091579405784,0.002883017321100305,-0.0008545551503442388,-0.0009972582423642962
1.5,-0.03532606808147735,0.0409864448101918,0.002873371342529988,-0.001068500961230104,-0.0009980006752297044
1.51,-0.034918871787049686,0.040453569899239775,0.002861644176388556,-0.0012718865904948417,-0.0009788517480560088
1.52,-0.034516987034941486,0.03992375466236357,0.0028479587331879485,-0.0014656625311151306,-0.0009341142393943791
1.53,-0.03412037974122928,0.039397798360098504,0.0028324330969971474,-0.001644113860634857,-0.0009249394681124512
1.54,-0.03372901273019831,0.03887598740924846,0.0028151825668438807,-0.0018076723981861004,-0.0009507938184967202
1.55,-0.03334284595542048,0.03835819291316729,0.002796319489429497,-0.0019617060010887117,-0.0009615988939758457
1.56,-0.03296183684051225,0.037844771307663706,0.002775951511806819,-0.0021052688004274786,-0.0009705809714060099
1.57,-0.032585940337431306,0.037335720718808335,0.002754183281457327,-0.002241655089840884,-0.0009483929157643178
1.58,-0.03221510932509118,0.036832036743197086,0.0027311138097447798,-0.0023614601985947983,-0.000993038353748199
1.59,-0.031849294264592945,0.03633240360588016,0.002706843045936481,-0.0024839493810235504,-0.0009148671515878393
1.6,-0.031488444165287025,0.03583823008133977,0.0026814619849284556,-0.0025941164833444743,-0.0008679809519107629
1.61,-0.03113250614800061,0.03534984294475942,0.0026550602307047855,-0.0026902739953807192,-0.0008728203798550327
1.62,-0.030781425686224426,0.034867015614962395,0.002627725006567424,-0.002777452787831304,-0.0008823739749609372
1.6300000000000001,-0.030435146879047796,0.03438973857579171,0.0025995396909998035,-0.002857779480954483,-0.0008787069199425179
1.6400000000000001,-0.03009361263002542,0.03391843397144189,0.002570583453122021,-0.0029278015506373563,-0.0008997923576838374
1.6500000000000001,-0.029756764593442855,0.033452736210190986,0.0025409337207100615,-0.0029937372973390507,-0.000886525961862672
1.6600000000000001,-0.02942454361590747,0.03299344797242403,0.002510662382996467,-0.0030470329008349087,-0.0009279284928588316
1.67,-0.029096889297381447,0.03253895686079373,0.0024798429282906938,-0.0031091616948322443,-0.0008117308190815908
1.68,-0.02877374107606025,0.032091339746842265,0.002448538462651086,-0.0031553264099279045,-0.0007897692772712572
1.69,-0.028455037355241596,0.03165010219479625,0.0024168141345157854,-0.0031927236701431833,-0.0007928577706989848
1.7,-0.02814071607555695,0.031215106799109167,0.0023847314244141216,-0.003223946270353744,-0.0007979243633829403
1.71,-0.027830714783355706,0.03078634455506329,0.0023523486665555627,-0.003249847607085236,-0.0007992752436181694
1.72,-0.027524970741226198,0.03036400628128173,0.0023197209790167253,-0.003268655282356246,-0.0008174860683254903
1.73,-0.02722342094801073,0.029948013135658886,0.002286901262148196,-0.0032818459190425307,-0.0008404669731680303
1.74,-0.02692600221530595,0.029537936278836493,0.00225394042939547,-0.0032951554445980486,-0.0008133273055508927
1.75,-0.02663265133098117,0.02913349816834185,0.002220886490476745,-0.0033123187897170724,-0.0007011768980196287
1.76,-0.0263433053600962,0.028735973674265797,0.0021877818587604744,-0.0033175615930278227,-0.0006647640800962473
1.77,-0.02605790125823799,0.028345265247185975,0.002154669196774474,-0.003312166394421545,-0.0006936543172147425
1.78,-0.025776376068618847,0.027960703095175395,0.0021215899095931275,-0.0033044757915477786,-0.0007065157867164329
1.79,-0.02549866719741844,0.02758236787474322,0.0020885816067268323,-0.0032933639739114785,-0.0007169284032336187
1.8,-0.025224712322447843,0.0272101171804819,0.002055680095681394,-0.0032804107732521135,-0.0007112576779529922
1.81,-0.02495444960117194,0.026844533199498203,0.0020229175832917174,-0.003258060859081733,-0.0007674387036090691
1.82,-0.02468781724146301,0.026483858694588792,0.001990328794333323,-0.003247928947239872,-0.0006707100508743236
1.83,-0.02442475442601876,0.026129529719117715,0.0019579401221917468,-0.0032316451009484584,-0.000607354219367473
1.84,-0.02416520066501965,0.025781776517993554,0.001925778381182111,-0.0032058482460861877,-0.0006130194770831987
1.85,-0.023909095891412324,0.025439949579273244,0.0018938702320784213,-0.0031781148171689637,-0.0006135633262594475
1.86,-0.023656380724345838,0.02510393168625599,0.0018622394633483188,-0.003149312167926076,-0.0006020788434123459
1.87,-0.02340699648597563,0.024774008191121594,0.0018309073144577438,-0.0031152241696572555,-0.0006225881138985367
1.8800000000000001,-0.023160885057583812,0.024449739060439138,0.0017998947683823664,-0.003080654582261979,-0.0006285623471364854
1.8900000000000001,-0.022917989046975014,0.024130820992435145,0.0017692209152807353,-0.0030486542418557265,-0.0005909926653502318
1.9000000000000001,-0.022678251886931528,0.023817530804317793,0.0017389021415158174,-0.003014982257669446,-0.0005539548852053766
1.9100000000000001,-0.022441617729316663,0.02350989173736616,0.001708953838104005,-0.002978530684568781,-0.0005300334089929359
1.92,-0.02220803150854138,0.02320792880976572,0.0016793899585344013,-0.0029381358829535286,-0.0005323099382270047
1.93,-0.02197743891533828,0.02291137181139231,0.0016502236655546543,-0.002896294256349062,-0.0005370895172420176
1.94,-0.02174978648293944,0.02262008518256678,0.0016214665420591515,-0.0028537917543766515,-0.0005377770637689516
1.95,-0.021525021616481097,0.02233415263719594,0.001593128482127013,-0.00280864896394168,-0.0005554612025897576
1.96,-0.021303092528642074,0.022053381570529596,0.001565218725924568,-0.0027623188051228422,-0.0005767421052643718
1.97,-0.021083948248087975,0.021777281554591923,0.0015377459575805091,-0.0027199579724552225,-0.0005510098070245495
1.98,-0.02086753871642553,0.02150561574663391,0.0015107172709659955,-0.00268353680079528,-0.0004595653756525042
1.99,-0.020653814939738266,0.021239309708810578,0.0014841364287008789,-0.0026404813463342517,-0.00042956160739637816
2.0,-0.020442728649163584,0.020978261946844257,0.0014580082348545405,-0.002591044081265294,-0.00045942956946198876
2.0100000000000002,-0.0202342323642251,0.020721715773311233,0.0014323378510049326,-0.0025436577375118675,-0.00046548886353409147
2.02,-0.020028279630293286,0.02046974395570061,0.0014071279146256816,-0.002496379152362158,-0.00046809893826632587
2.0300000000000002,-0.01982482486892964,0.020222291043679046,0.0013823804764896937,-0.002448862188128167,-0.00047155163134937617
2.04,-0.019623823392746653,0.01997926651242686,0.001358096862707076,-0.002401195272946164,-0.00047573400116590614
2.05,-0.01942523135750822,0.019740248794920943,0.0013342783033758459,-0.0023576027558780644,-0.000438998787020195
2.06,-0.01922900592967385,0.019505561652823335,0.0013109238512883038,-0.0023129918350229366,-0.0004131230737677849
2.07,-0.019035105097164825,0.01927509832885159,0.0012880327444667271,-0.0022676522800780343,-0.00039584632113448537
2.08,-0.018843487743901134,0.01904882315602193,0.0012656034565613058,-0.002220987734217872,-0.00039375746644765286
2.09,-0.018654113609142483,0.018826550045077887,0.001243634173128958,-0.00217428600034213,-0.000394505559214664
2.1,-0.01846694335105679,0.018608387097964866,0.0012221219518556987,-0.0021251626189187495,-0.00042254149346332426
2.11,-0.01828193837981,0.01839372711596846,0.0012010647514246614,-0.0020801807814344745,-0.00041252002488784134
2.12,-0.0180990610633335,0.018182603591281887,0.0011804587903463772,-0.0020379024547505123,-0.0003793272439821527
2.13,-0.01791827464224976,0.017975209497578106,0.0011602995305810121,-0.001994904569475315,-0.0003577292039277369
2.14,-0.017739543146941775,0.017771434082158657,0.0011405826243687605,-0.0019515701128452847,-0.0003442786219829408
2.15,-0.017562831448154733,0.017571249424407943,0.0011213031826387634,-0.0019072570114352114,-0.00034578047685152047
2.16,-0.0173881052107322,0.017374487230307295,0.0011024562456828123,-0.0018630890369412084,-0.0003512956716649196
2.17,-0.01721533089058415,0.017180892812334033,0.0010840367055486085,-0.00182128180893684,-0.0003389035723384559
2.18,-0.017044475838762094,0.016990860483068478,0.0010660378823516218,-0.0017759510148542227,-0.000367912437169271
2.19,-0.01687550804078957,0.01680386165940804,0.0010484546533134308,-0.0017327618482973685,-0.00038174312862332416
2.2,-0.01670839629585155,0.016619661215165445,0.0010312810775180575,-0.0016937250884462719,-0.00036045153762104265
2.21,-0.016543110191566613,0.0164382413840426,0.001014510570459093,-0.0016581488345319046,-0.00031118216148290356
2.22,-0.016379620104624158,0.016259891405153395,0.0009981357503770153,-0.0016215183933348,-0.0002794058220159934
2.23,-0.016217897097408715,0.01608464009693256,0.0009821495803948991,-0.0015825895568848528,-0.00027776302230758665
2.24,-0.016057912933625303,0.01591244354219356,0.000966545019261177,-0.0015410428890632148,-0.0003095964851548838
2.25,-0.01589963999353146,0.01574273815773943,0.0009513159236198854,-0.0015030707033695187,-0.00031290522053761816
2.2600000000000002,-0.015743051452673382,0.01557566361715617,0.000936454653518381,-0.001466090714494235,-0.00031369369068945385
2.27,-0.015588121101178298,0.015411010081550125,0.0009219541684770192,-0.0014319059582304791,-0.0002939562777098115
2.2800000000000002,-0.015434823453899533,0.015249008091496227,0.0009078064857779946,-0.00139683127699366,-0.00029072642429120443
2.29,-0.015283133584686769,0.015089371658826102,0.0008940045854974317,-0.0013636548920382488,-0.0002760825238460607
2.3000000000000003,-0.015133027245574544,0.014932146077056278,0.000880540752695724,-0.001331040830131832,-0.0002634605562628345
2.31,-0.014984480796316101,0.014777354655539232,0.0008674072893112496,-0.0012979448540302223,-0.00026335560415452486
2.32,-0.014837471172896178,0.014624892237899726,0.0008545967381497898,-0.0012649455399954522,-0.00026996968874665184
2.33,-0.014691975910521557,0.014474763518382752,0.000842101425546552,-0.0012312653269795372,-0.0002910965277691524
2.34,-0.014547973043204161,0.014326539413494979,0.0008299145465714716,-0.0012015659010332132,-0.00027995298612226716
2.35,-0.01440544124270199,0.014180328877692968,0.0008180282584610235,-0.0011738003960149615,-0.0002570429977686861
2.36,-0.014264359719311495,0.01403624183373288,0.0008064347514022596,-0.0011459267418053383,-0.00024281192900790782
2.37,-0.01412470817909333,0.01389420879574803,0.0007951266146139312,-0.0011181623048748953,-0.00023502937218089492
2.38,-0.013986466835429123,0.01375414376583368,0.0007840965242348156,-0.0010909475639504277,-0.0002292176237899124
2.39,-0.01384961642670477,0.013616145014855623,0.0007733368557885502,-0.001062436209738512,-0.000243830914150589
2.4,-0.0137141381163773,0.01347994995261387,0.000762840768220164,-0.0010353091610051217,-0.000251899802305805
2.41,-0.013580013576441202,0.013345550442558156,0.0007526009969663151,-0.001009082924651641,-0.00025819205978422355
2.42,-0.013447224899061831,0.013212718678999837,0.0007426107966610376,-0.0009860359846967938,-0.0002397614350773125
2.43,-0.013315754714774463,0.013081840086016679,0.0007328623036229615,-0.0009607973133107109,-0.0002503932241750273
2.44,-0.013185585944109695,0.012952423290294507,0.0007233494825522678,-0.000938971606813006,-0.000233761858580539
2.45,-0.013056702003185773,0.01282448387369216,0.0007140654007528719,-0.000919842060798066,-0.0001969521269225838
2.46,-0.01292908677432925,0.012698438573253949,0.0007050024417837984,-0.0008976926451630196,-0.00019719497995390745
2.47,-0.01280272444260052,0.012574148770096032,0.0006961541976834697,-0.0008737643174558767,-0.0002219267452690521
2.48,-0.012677599535919692,0.012451251965813927,0.0006875148186511469,-0.0008521112924034351,-0.0002303582644895552
2.49,-0.01255369700379845,0.012329736247133934,0.0006790778827144615,-0.0008324199329047121,-0.00022551410638568803
2.5,-0.01243100215140566,0.012209596983059227,0.0006708370763793682,-0.0008142997917552015,-0.00021118648858053923
2.5100000000000002,-0.012309500650039207,0.01209097585570651,0.0006627859229106064,-0.0007955454417978779,-0.0002093724730318769
2.52,-0.012189178449486736,0.011973676925511774,0.0006549187397840168,-0.0007781854144432271,-0.00019959314179271437
2.5300000000000002,-0.012070021858326629,0.011857744706768755,0.0006472294997022369,-0.0007612559295806875,-0.00019138577746447005
2.54,-0.011952017493973885,0.011743215666865566,0.0006397123226835446,-0.0007439068831239542,-0.00019314582943852354
2.5500000000000003,-0.011835152257352669,0.01163002405859524,0.0006323616632263219,-0.0007265786568885715,-0.00020032181096471535
2.56,-0.01171941334936549,0.011518170820163919,0.0006251719779571294,-0.0007088905610755675,-0.00021659812264851475
2.57,-0.011604788199226904,0.011407332637179605,0.0006181384979427353,-0.0006945272892282585,-0.0002048758386838656
2.58,-0.011491264584885757,0.01129768591722263,0.0006112556028675239,-0.0006809388792304444,-0.00019059995770490112
2.59,-0.011378830536643566,0.011189356026675604,0.0006045179082687185,-0.0006662249916915129,-0.00019269857592718598
2.6,-0.011267474267478305,0.0110820340206344,0.0005979210219527265,-0.0006539255127753665,-0.0001755251884328346
2.61,-0.011157184300526124,0.010975840405877894,0.0005914598389255469,-0.0006422231565197939,-0.0001571752532027737
2.62,-0.011047949428606383,0.010871123553336366,0.000585128938788503,-0.0006264630239064454,-0.00018421091339285156
2.63,-0.010939758527831838,0.010767332368919516,0.0005789248100676049,-0.0006132439985853436,-0.0001903004143995468
2.64,-0.010832600802653958,0.010664619789980304,0.0005728426845449641,-0.0006003746321269609,-0.00019729499814738483
2.65,-0.010726465621292569,0.010562850462770022,0.0005668784947708775,-0.0005892769510625982,-0.00019079769274238378
2.66,-0.010621342597509546,0.010462167034353948,0.0005610277551886063,-0.0005779074761791305,-0.00019117773736690435
2.67,-0.01051722148671654,0.010362379010637182,0.0005552867670054373,-0.0005683962507995695,-0.0001769382201299574
2.68,-0.010414092262007837,0.010263489614526954,0.0005496515768631606,-0.0005604607905552247,-0.00015078554568570546
2.69,-0.010311945123941294,0.010165801542044356,0.0005441177665091973,-0.0005500838416962042,-0.00015289389952199972
2.7,-0.010210770381955569,0.010069208265579305,0.0005386818498327622,-0.0005383718608930714,-0.00017203967195775216
2.71,-0.010110558490104967,0.009973461223478506,0.0005333407436944159,-0.0005282148512728782,-0.0001791091105860232
2.72,-0.010011300103121226,0.009878564314009157,0.0005280909873995074,-0.0005193548889313417,-0.00017656951666350507
2.73,-0.009912986028886345,0.009784510917163513,0.0005229292597332499,-0.0005116731018896041,-0.00016549531348106217
2.74,-0.009815607267022944,0.009691564947573991,0.0005178518221664274,-0.0005016762264954652,-0.00018081396286881435
2.75,-0.009719154833244677,0.009599183699495379,0.0005128566426776285,-0.000495960862972416,-0.00015623654499025141
2.7600000000000002,-0.009623620020893595,0.0095077082193934,0.0005079400572608209,-0.0004900834465014055,-0.00013622810737748403
2.77,-0.009528994239100747,0.009417370993374927,0.0005030987261775469,-0.00048096397599911334,-0.00015157712498684028
2.7800000000000002,-0.0094352689365179,0.009327844318187825,0.0004983305230176953,-0.00047253116540826125,-0.00016276503234924355
2.79,-0.009342435738032704,0.009239136329451175,0.0004936327638566953,-0.00046452179021339387,-0.00017232795171495674
2.8000000000000003,-0.009250486386923554,0.00915125360589936,0.0004890028707798869,-0.00045669792560144493,-0.00018255062042907277
2.81,-0.009159412686451,0.009063859025824206,0.00048443904474954476,-0.00045312353781686157,-0.0001525648983418948
2.82,-0.00906920670040592,0.008977568536519159,0.00047993770373706363,-0.00044595455337252405,-0.0001609630875241963
2.83,-0.008979860413353047,0.008891824873256316,0.0004754976768923025,-0.00044201730475490784,-0.00013917072708875822
2.84,-0.008891366065811892,0.00880704479698663,0.0004711159640835876,-0.00043596769766743,-0.00014070601188670429
2.85,-0.008803715906207637,0.00872307148195338,0.0004667907879342674,-0.0004296362691409588,-0.00014711581314122424
2.86,-0.008716902294361013,0.008639852290724405,0.000462520253623776,-0.00042355575225121986,-0.00015296867904418532
2.87,-0.008630917690412153,0.008557389967114939,0.00045830244274183614,-0.0004175709736999771,-0.00015973651546132006
2.88,-0.008545754627778873,0.008475591746093582,0.0004541357086298505,-0.00041272480177293315,-0.00015687529726554628
2.89,-0.008461405753212808,0.008394542480075512,0.0004500181348541285,-0.0004078438651846036,-0.00015607612930423898
2.9,-0.008377863763083193,0.008314119631581553,0.00044594829264744994,-0.0004043509939941445,-0.00014298822628897034
2.91,-0.008295121454785392,0.008234336511361698,0.00044192456103432767,-0.0004019745465355462,-0.0001202616752431912
2.92,-0.00821317174136683,0.008155451710118528,0.0004379449084389992,-0.00039738033814156756,-0.00012127150572371903
2.93,-0.008132007559099456,0.008077399703568904,0.00043400801411281486,-0.000391288956113664,-0.0001387188360498226
2.94,-0.008051621891855832,0.007999960421519842,0.0004301129310988897,-0.00038635597794109075,-0.00014589587879274002
2.95,-0.007972007841281704,0.007923218096571009,0.000426258178275824,-0.0003814361791113372,-0.0001542257061787622
2.96,-0.007893158527120156,0.007846943668021503,0.0004224429570047433,-0.00037930338156639463,-0.00013581894887849943
2.97,-0.00781506721974039,0.007771447105899973,0.00041866546663681245,-0.0003759962025545544,-0.00013035410368802958
2.98,-0.007737727189459755,0.007696635406771058,0.00041492476151020515,-0.0003725930372114447,-0.00012695430509442052
2.99,-0.007661131770228668,0.007622427564750558,0.0004112199297298672,-0.0003700247607421439,-0.00011622474738122446
3.0,-0.007585274397864715,0.007549007721471323,0.0004075495913705606,-0.00036591020993021145,-0.0001219981727143965
3.0100000000000002,-0.007510148518402473,0.007476255108223701,0.00040391302147963214,-0.0003616818250023199,-0.00012985246895688696
3.02,-0.007435747653850132,0.007404170315802845,0.00040030930667456807,-0.0003572571299205378,-0.00014056478461424438
3.0300000000000002,-0.007362065377212079,0.0073327263567829724,0.00039673763706603646,-0.00035290035229192595,-0.0001514362581431089
3.04,-0.0072890952737065095,0.0072616317611581375,0.00039319777184291404,-0.00035218363686607165,-0.0001265859440346545
3.0500000000000003,-0.007216831084803234,0.007191251022167112,0.00038968822064590694,-0.00035048130491317694,-0.00011237300450860077
3.06,-0.007145266549686838,0.0071216082450010765,0.00038620820815627507,-0.0003474242163821901,-0.00011245813421839612
3.0700000000000003,-0.00707439543733592,0.007052597563933785,0.0003827572569379668,-0.00034426944629574924,-0.00011419015457743431
3.08,-0.007004211583929558,0.0069842268519042265,0.000379334704616016,-0.00034085380725651707,-0.00011916734216005365
3.09,-0.006934708868992106,0.006916473013827015,0.000375939987715502,-0.0003374026066163661,-0.0001250924580255275
3.1,-0.006865881221801266,0.006849328541605562,0.0003725725480544552,-0.00033394762283914784,-0.00013161139292509894
3.11,-0.006797722608756817,0.006782727100701892,0.0003692319779376127,-0.0003312571996931515,-0.0001309826871224301
3.12,-0.0067302270601646685,0.006716718380433096,0.0003659176734261254,-0.0003286505300630105,-0.00013000395160783773
3.13,-0.006663388630329407,0.006651220215609643,0.0003626293219904885,-0.00032709608124647686,-0.00011892932239289389
3.14,-0.0065972014412771385,0.0065863000368462255,0.00035936634547685347,-0.0003256933781880044,-0.00010676313925035708
3.15,-0.006531659650475953,0.006521974658591647,0.0003561282937732537,-0.0003241756024124647,-9.615455670952677e-05
3.16,-0.006466757486383307,0.006458439341706413,0.0003529143912650381,-0.0003200462322728272,-0.00011212188859169303
3.17,-0.006402489143970873,0.006395409765592058,0.0003497248341807955,-0.00031680437923668444,-0.0001195383867410027
3.18,-0.006338848920532931,0.006332985532787105,0.00034655908494403827,-0.00031315086464760937,-0.0001314136872835603
3.19,-0.006275831094343846,0.006270884800400992,0.000343417381466631,-0.0003125553283016548,-0.00011291932171979269
3.2,-0.006213430077855205,0.006209417429409068,0.00034029881518434955,-0.0003110917446418842,-0.00010341922818167537
3.21,-0.006151640275396003,0.006148586431028816,0.0003372031033048181,-0.00030867035957087637,-0.00010379419201465845
3.22,-0.006090456113360332,0.006088281627823569,0.0003341302054010619,-0.00030661686921056155,-0.00010072677573018385
3.23,-0.006029872079000983,0.006028527624776077,0.0003310798328563783,-0.00030457272282067676,-9.779653411667866e-05
3.24,-0.005969882705635313,0.005969392209952505,0.00032805162855918836,-0.00030164008216434704,-0.00010399407391313564
3.25,-0.005910482547853863,0.005910831269487628,0.00032504547194045334,-0.000298320358719825,-0.00011427417255965855
3.2600000000000002,-0.0058516662008730935,0.005852813124837968,0.00032206123255762453,-0.00029495995524782883,-0.00012514760536591618
3.27,-0.005793428263865799,0.0057950879147756216,0.00031909922429146077,-0.00029463297523451973,-0.00010576260514197355
3.2800000000000002,-0.005735763457367754,0.005737932658496791,0.0003161587338860517,-0.00029382785206746967,-9.133384448617443e-05
3.29,-0.005678666506291191,0.0056814117016105925,0.0003132394797069109,-0.0002916917984424923,-9.040477620365917e-05
3.3000000000000003,-0.005622132147248777,0.005625424346855471,0.000310341516874872,-0.0002894353933987464,-9.082060536991232e-05
3.31,-0.0055661551641471305,0.005569931418344847,0.00030746478927666564,-0.00028750048956482563,-8.813898183328284e-05
3.3200000000000003,-0.005510730408064264,0.005515082193230482,0.0003046088782555826,-0.0002839735364755981,-0.00010154704259016101
3.33,-0.005455852713847389,0.005460687138897915,0.000301774042516803,-0.0002811763823694256,-0.00010774437475638554
3.34,-0.005401516986544134,0.005406766181847337,0.00029896013529656814,-0.00027881285608532516,-0.00010969447422964906
3.35,-0.00534771814601781,0.005353198734438037,0.0002961672944197087,-0.0002783434402698892,-9.273926636113594e-05
3.36,-0.005294451220463106,0.005300316692365632,0.0002933947712540424,-0.0002755727457463061,-9.895937008277955e-05
3.37,-0.005241711174960722,0.00524781928522769,0.0002906430718446988,-0.0002742139414672573,-9.109965960120425e-05
3.38,-0.005189493065330796,0.005195748101392681,0.0002879120319256997,-0.00027370086245716746,-7.483461416710191e-05
3.39,-0.00513779201098822,0.005144315744681788,0.0002852011545412976,-0.0002713298018264976,-7.728245543504875e-05
3.4,-0.005086603131821548,0.005093506599679489,0.00028251039748411385,-0.0002672499621403952,-9.694236548035695e-05
3.41,-0.005035921545012513,0.005043057186563456,0.00027984021156787265,-0.00026470901231412944,-0.00010123110382720402
3.42,-0.0049857424495466695,0.004992991863693432,0.00027719048284090394,-0.0002633567596445246,-9.365859062678006e-05
3.43,-0.004936061089266393,0.004943389273520796,0.00027456099310326626,-0.0002621645853508066,-8.454095431308095e-05
3.44,-0.004886872744426579,0.004894329285692142,0.0002719515242032053,-0.0002600886535000451,-8.434738779000694e-05
3.45,-0.004838172703123729,0.004845712456050038,0.00026936221397291213,-0.00025832668108455195,-8.106086453311956e-05
3.46,-0.004789956307928542,0.004797555763254842,0.00026679297216191126,-0.0002566212052792857,-7.726266027545392e-05
3.47,-0.004742218946133214,0.004749931230934131,0.0002642436012281463,-0.0002540268074776202,-8.243576243148476e-05
3.48,-0.0046949560227939535,0.0047027955818242555,0.00026171413222078534,-0.00025103944583574706,-9.160400485196118e-05
3.49,-0.0046481629827650915,0.004656130171742614,0.00025920454828703174,-0.0002478472688723759,-0.00010287937478523079
3.5,-0.004601835273676282,0.004609706898463988,0.000256715246410615,-0.000247256769681896,-8.810766653036262e-05
3.5100000000000002,-0.004555968449217402,0.0045637427319841556,0.00025424574530350603,-0.0002465111110684515,-7.494463908148952e-05
3.52,-0.004510558083955128,0.004518360619134765,0.0002517957491683797,-0.00024402885563033026,-7.925502160861797e-05
3.5300000000000002,-0.004465599730665654,0.0044733196676116525,0.0002493656800042579,-0.00024277668481476853,-7.127836109276087e-05
3.54,-0.004421089025866116,0.004428683935018745,0.0002469553574107334,-0.00024190948990702017,-5.949317520603098e-05
3.5500000000000003,-0.004377021677996132,0.004384748016207097,0.00024456414526172264,-0.00023770053694102566,-8.128579253514207e-05
3.56,-0.004333393323909164,0.004341128608553836,0.0002421927444996182,-0.0002348969663095501,-8.903527495604524e-05
3.5700000000000003,-0.0042901997062119715,0.004297888134891168,0.0002398409752850832,-0.0002326744295318741,-9.101239198242711e-05
3.58,-0.004247436586901676,0.004254988269696255,0.00023750885542136828,-0.00023146805281123095,-8.285337121380354e-05
3.59,-0.0042050997909748,0.00421256664292078,0.00023519605409203485,-0.0002295136226471938,-8.225770215505163e-05
3.6,-0.004163185135651526,0.004170489128391953,0.00023290277538644556,-0.0002284440154285235,-7.284637281420453e-05
3.61,-0.004121688496827577,0.004128771264557354,0.0002306289264368596,-0.0002280214119939482,-5.700674503876513e-05
3.62,-0.004080605815637511,0.004087620404759527,0.00022837403413154234,-0.00022561041991610715,-6.117802623370472e-05
3.63,-0.004039933024946472,0.004046970772470288,0.00022613816268986684,-0.00022198991957758462,-7.754851242968569e-05
3.64,-0.0039996660718925586,0.0040066268630576584,0.0002239216305585821,-0.0002195605360753462,-8.203769682396667e-05
3.65,-0.00395980097209085,0.003966607395861012,0.00022172433149360852,-0.00021804521835261403,-7.742679637798983e-05
3.66,-0.003920333778544966,0.003926949107006107,0.0002195461217607667,-0.00021694184711781034,-6.875489449167937e-05
3.67,-0.003881260587669503,0.003887745604794404,0.00021738674340429705,-0.0002150375441989478,-6.819123884525824e-05
3.68,-0.0038425775001075264,0.003848899954273557,0.00021524631253518905,-0.00021350138731005575,-6.401001982216104e-05
3.69,-0.0038042806555355123,0.003810345876594992,0.00021312488272570083,-0.00021311940716341348,-4.832806531746697e-05
3.7,-0.0037663662918082257,0.0037724231290090574,0.00021102170410634277,-0.00020960231584268605,-6.417633418793339e-05
3.71,-0.0037288305787269204,0.003734825525476569,0.00020893729964076348,-0.0002067353276707518,-7.358473951126626e-05
3.72,-0.003691669776676161,0.0036976064874530766,0.00020687148047279422,-0.0002038087085476115,-8.367520670796158e-05
3.73,-0.0036548801422614714,0.0036605822924758264,0.0002048245237340667,-0.0002030772151995299,-7.183074724410876e-05
3.74,-0.0036184580232659497,0.0036239343707496073,0.00020279598380396326,-0.00020223135028635988,-6.122162676996945e-05
3.75,-0.0035823997911284414,0.003587782597344831,0.00020078553451491444,-0.0001997312445421452,-6.72974089214809e-05
3.7600000000000002,-0.0035467017870169956,0.0035518447142894455,0.00019879364136891108,-0.00019906390916103408,-5.507943535346116e-05
3.77,-0.003511360471575522,0.003516385709567318,0.00019681968777881455,-0.00019687593628050853,-5.8210110271253446e-05
3.7800000000000002,-0.0034763722803028596,0.003481302892231582,0.00019486378087940487,-0.00019441012879645034,-6.422395972648792e-05
3.79,-0.0034417336921554013,0.0034465614090907993,0.00019292589198429693,-0.00019206151568113046,-6.916009492547587e-05
3.8000000000000003,-0.0034074412261512043,0.003412173794946629,0.00019100589698489134,-0.0001896329798266357,-7.499782453876391e-05
3.81,-0.0033734914163832098,0.0033780428040192535,0.00018910388659392827,-0.00018829988054932598,-6.994813108618381e-05
3.8200000000000003,-0.0033398808624053567,0.003344281626690209,0.0001872195343797523,-0.0001866073260316315,-6.860786387577478e-05
3.83,-0.003306606161942235,0.003310788843778873,0.00018535293572347994,-0.00018578327879148615,-5.866021101128688e-05
3.84,-0.0032736639631787017,0.003277580743124802,0.00018350395197742626,-0.00018558457907274725,-4.254617928860227e-05
3.85,-0.0032410509755971865,0.003244861125684581,0.00018167207274123867,-0.00018342436761322478,-4.621803237952332e-05
3.86,-0.0032087638969599125,0.0032125600494717515,0.00017985732629427769,-0.00018013782252371117,-6.129909727868588e-05
3.87,-0.0031767994405255437,0.0031805074117749236,0.00017805993705341451,-0.00017781237301667588,-6.685042590415247e-05
3.88,-0.0031451543917025084,0.003148792982531904,0.00017627961503494533,-0.00017528726047445054,-7.451788499373418e-05
3.89,-0.0031138255165778107,0.0031171883335153997,0.00017451669684843022,-0.00017537946757404733,-5.604374029533066e-05
3.9,-0.003082809717007884,0.003086130345409833,0.00017277020461495797,-0.00017258981405611785,-6.659551884884152e-05
3.91,-0.003052103785692739,0.003055171290743076,0.00017104090509020582,-0.000172477031955628,-5.041093321934975e-05
3.92,-0.0030217046610991737,0.003024594645474625,0.00016932812060894381,-0.00017146001033332373,-4.3415873668940785e-05
3.93,-0.002991609271164795,0.002994426525701908,0.00016763168026900333,-0.00016917490865424206,-4.9261448493945204e-05
3.94,-0.0029618145555353843,0.002964577850474962,0.00016595163940847434,-0.00016669811432193997,-5.715075562701816e-05
3.95,-0.002932317497721423,0.00293504933953011,0.00016428787506630454,-0.00016398375917414808,-6.754496992455311e-05
3.96,-0.002903115103983567,0.00290579914003859,0.000162640347310107,-0.00016151839682495124,-7.556410235642907e-05
3.97,-0.002874204377227857,0.0028765788602582634,0.00016100942291907925,-0.00016237059579283234,-5.0426079293397486e-05
3.98,-0.0028455824472062878,0.00284775954883511,0.0001593942452171023,-0.00016186614239483264,-3.9022097418510426e-05
3.99,-0.002817246414387114,0.0028193442581458104,0.00015779468303362155,-0.00015993107024211796,-4.209495032309052e-05
4.0,-0.00278919338868704,0.0027912147432395972,0.0001562108438582531,-0.00015800790799781706,-4.51743324570153e-05
4.01,-0.00276142052906703,0.002763383639198155,0.00015464257618219877,-0.0001559034463842691,-5.019912210998262e-05
4.0200000000000005,-0.0027339250180803535,0.002735834676981364,0.00015308978492502168,-0.0001537860528877244,-5.54809031635059e-05
4.03,-0.0027067040690498248,0.0027085695581348336,0.00015155233897942168,-0.00015159973605058578,-6.158190201205338e-05
4.04,-0.0026797549096964834,0.0026815056951906527,0.00015003027310073351,-0.00015034239892736405,-5.849192231754258e-05
4.05,-0.002653074820417642,0.0026547200705537995,0.00014852330666365005,-0.00014901758704658467,-5.6207521711718056e-05
4.0600000000000005,-0.0026266610879777386,0.0026281573813282093,0.0001470314197536202,-0.00014828269958818525,-4.813422171548454e-05
4.07,-0.0026005110305485912,0.0026017900682129484,0.00014555453737644293,-0.00014844861784283578,-3.115365289909494e-05
4.08,-0.0025746220321643974,0.002575837974973195,0.00014409209597432806,-0.0001467339471730198,-3.316820015875077e-05
4.09,-0.0025489914599932423,0.002550245848174195,0.00014264407473702485,-0.00014379630764239972,-4.758100021196726e-05
4.1,-0.0025236166902758528,0.0025248490656619234,0.00014121066855893148,-0.0001416607168908245,-5.407780184850386e-05
4.11,-0.0024984951685331556,0.0024997564026514175,0.00013979153262922068,-0.00013893498756185823,-6.662470535442888e-05
4.12,-0.0024736242993632874,0.0024746535312797097,0.00013838715716253327,-0.00013951603204230084,-4.612905263244593e-05
4.13,-0.0024490016237137687,0.0024499271980636104,0.0001369966486675277,-0.00013853756550843326,-4.140797505003402e-05
4.14,-0.0024246246304472363,0.002425473258614556,0.00013562008257096732,-0.00013726975568265486,-3.971945186725251e-05
4.15,-0.0024004908467569414,0.0024012707615575506,0.00013425737019994157,-0.00013594313349548864,-3.875074785949367e-05
4.16,-0.002376597826202289,0.0023773076241795288,0.00013290840552220834,-0.00013467765252541268,-3.729836120029695e-05
4.17,-0.0023529431595292645,0.002353650610785561,0.0001315729270758084,-0.00013260795435972883,-4.404310772650882e-05
4.18,-0.002329524445001556,0.0023302588761650905,0.00013025088602129504,-0.0001302140879747677,-5.416902493494968e-05
4.19,-0.002306339305588922,0.0023070942689925045,0.00012894222847931113,-0.00012794270901351007,-6.319510027422842e-05
4.2,-0.002283385357450832,0.002283923168383958,0.0001276472866859116,-0.00012868413616211994,-4.212616506996114e-05
4.21,-0.002260660326570967,0.0022610566060904556,0.00012636531825785098,-0.0001285207711366295,-3.0262049633890398e-05
4.22,-0.0022381619184824453,0.0022385266245957764,0.00012509613184814587,-0.0001270226795083691,-3.19153191453217e-05
4.23,-0.002215887839925598,0.002216224870586226,0.0001238398136421552,-0.0001255151617706384,-3.379049707593479e-05
4.24,-0.0021938358412509633,0.002194172569731107,0.00012259619454577848,-0.00012370404871925574,-3.8838119543974786e-05
4.25,-0.0021720036886787365,0.002172346253275046,0.00012136519418221325,-0.00012185413028060331,-4.4401373742491285e-05
4.26,-0.0021503891773051154,0.0021507615424329507,0.00012014665556022455,-0.00011974184362135152,-5.27224268906841e-05
4.2700000000000005,-0.002128990104207231,0.0021293042173352577,0.00011894067852399172,-0.00011876692204063352,-4.9758981491686977e-05
4.28,-0.002107804305247247,0.0021079647076516664,0.00011774715697069315,-0.00011902124450068872,-3.458872371684546e-05
4.29,-0.0020868296808362755,0.002087002655058383,0.00011656545408352636,-0.00011723179195351274,-4.004498721384142e-05
4.3,-0.0020660640676233456,0.002066135659586731,0.00011539600352573158,-0.00011690137356465954,-3.098794513315892e-05
4.3100000000000005,-0.002045505387828495,0.0020454864323614735,0.00011423844007732933,-0.00011646914960736741,-2.307479436375326e-05
4.32,-0.002025151577967657,0.0020251327541137096,0.00011309248790429822,-0.00011493618016497239,-2.6325892171868287e-05
4.33,-0.0020050005866911603,0.002005095145353603,0.00011195798491764528,-0.00011201954731289066,-4.3578648665686115e-05
4.34,-0.0019850503441320535,0.0019851440901315865,0.00011083526327721041,-0.00011056207005537019,-4.631397026321968e-05
4.3500000000000005,-0.001965298842144972,0.001965309558292179,0.00010972414377198665,-0.00011016323877016256,-3.854886988180137e-05
4.36,-0.0019457441014077554,0.0019456739823496166,0.00010862434444048253,-0.00010976701711753563,-3.087639376990817e-05
4.37,-0.0019263841599645496,0.0019263010214278786,0.00010753562118780033,-0.00010855229607047443,-3.1532847431754024e-05
4.38,-0.00190721705255199,0.0019071059417876777,0.00010645802363254452,-0.0001075531446634021,-3.0143913593981553e-05
4.39,-0.001888240848296785,0.0018880956736757092,0.00010539142132469255,-0.00010665808073086724,-2.782709451897708e-05
4.4,-0.0018694536461710575,0.0018693413239514163,0.000104335558012761,-0.00010495366316558809,-3.374489573248346e-05
4.41,-0.0018508535470711698,0.0018508026274117089,0.00010329039813758137,-0.00010291886080797505,-4.3091558088348414e-05
4.42,-0.0018324386730118232,0.0018324507850059773,0.00010225588440063365,-0.00010088956423531295,-5.2496628924869615e-05
4.43,-0.0018142071365358102,0.0018140759906824188,0.00010123231765948136,-0.00010146451175727268,-3.5889414860310054e-05
4.44,-0.0017961571414038583,0.001795926389033376,0.0001002190958323042,-0.00010151827205022825,-2.4622412653444586e-05
4.45,-0.0017782868847407171,0.0017780895777803627,9.921593463304733e-05,-9.993250451278949e-05,-2.9913560063432598e-05
4.46,-0.0017605945343551926,0.0017603502017200263,9.822314864680973e-05,-9.937604292654656e-05,-2.498895642187582e-05
4.47,-0.0017430783270814799,0.0017428140046523244,9.72404196508671e-05,-9.850420053188033e-05,-2.3337160992894374e-05
4.48,-0.0017257365139036974,0.0017255614968485933,9.62674801767018e-05,-9.62879489332042e-05,-3.528013309821165e-05
4.49,-0.0017085673280946533,0.0017084473685119782,9.530450941319501e-05,-9.452126185505367e-05,-4.2820291336925775e-05
4.5,-0.0016915690394011611,0.0016914448542996454,9.435145354239441e-05,-9.351653236855187e-05,-4.28228339384544e-05
4.51,-0.001674739938663987,0.0016745495057240555,9.34082156684614e-05,-9.330742253525164e-05,-3.4949102580381086e-05
4.5200000000000005,-0.00165807835331064,0.001657878480804623,9.247445985463378e-05,-9.240773368919512e-05,-3.4107234677369785e-05
4.53,-0.0016415825935256236,0.0016413307794863592,9.155028171810287e-05,-9.205848543278263e-05,-2.784670572563569e-05
4.54,-0.0016252510009199057,0.0016248966302537218,9.063559779840658e-05,-9.236055913000762e-05,-1.515452309641327e-05
4.55,-0.0016090819662240075,0.0016087706816295111,8.972992215422998e-05,-9.085979409830921e-05,-2.064912925895529e-05
4.5600000000000005,-0.0015930738539575667,0.00159287603318169,8.883330578200782e-05,-8.849663129097551e-05,-3.4895311433719156e-05
4.57,-0.0015772250319942597,0.001577052593072148,8.794596485663555e-05,-8.725162858255484e-05,-3.802370651339107e-05
4.58,-0.0015615339130513816,0.0015613209474462006,8.706775993430077e-05,-8.68470727437463e-05,-3.281926880661576e-05
4.59,-0.001545998930038018,0.001545727322690123,8.619850194917732e-05,-8.668495996247817e-05,-2.5280014985012284e-05
4.6000000000000005,-0.0015306185368403394,0.0015303496385251707,8.533794026554784e-05,-8.577132960470856e-05,-2.537608629454846e-05
4.61,-0.0015153911778307625,0.001515105467609294,8.448614170530332e-05,-8.511678053247214e-05,-2.2968469174305256e-05
4.62,-0.0015003153150251161,0.0014999250884364513,8.364314899250561e-05,-8.557329558426013e-05,-9.509341978384406e-06
4.63,-0.0014853894874070506,0.0014851282531151168,8.280823712664017e-05,-8.312461577410941e-05,-2.5287668565545512e-05
4.64,-0.0014706121526543428,0.0014704228218676825,8.198188976865298e-05,-8.140337719586415e-05,-3.38609302808178e-05
4.65,-0.0014559818404378103,0.0014558766811497807,8.116388096868077e-05,-7.95420642088147e-05,-4.393082239746021e-05
4.66,-0.0014414970528634254,0.0014412882232481183,8.035451764280817e-05,-8.004205653098106e-05,-3.0403268045799126e-05
4.67,-0.0014271563727079211,0.0014268728414924623,7.955328463741999e-05,-8.01923888118126e-05,-2.0472921008138356e-05
4.68,-0.0014129583775186034,0.001412719886954592,7.875991652584304e-05,-7.885782791036962e-05,-2.552715367016775e-05
4.69,-0.0013989016103544652,0.0013986083429779876,7.797476140542811e-05,-7.87829521262134e-05,-1.803220620569257e-05
4.7,-0.0013849846768766536,0.0013846227020558176,7.719756533979131e-05,-7.889364493294173e-05,-8.762357539132681e-06
4.71,-0.0013712062212145148,0.0013710010769738276,7.642777213528582e-05,-7.619571429011315e-05,-2.775353019971588e-05
4.72,-0.0013575648092981594,0.0013573972554929818,7.566597981323637e-05,-7.499925884756639e-05,-3.1767137903010445e-05
4.73,-0.0013440590957615713,0.0013439386926444136,7.49118524507659e-05,-7.369368797797968e-05,-3.695922957014028e-05
4.74,-0.0013306877135524896,0.001330528300902693,7.416549822678397e-05,-7.347539158647814e-05,-3.1327050309674226e-05
4.75,-0.0013174493431948777,0.0013172840305992314,7.342660181806152e-05,-7.285295208756741e-05,-2.983115328846972e-05
4.76,-0.001304342646683059,0.0013041211066460072,7.269524892909161e-05,-7.286921268240224e-05,-2.200913331354415e-05
4.7700000000000005,-0.001291366314018949,0.0012910476618966278,7.197134279513861e-05,-7.340583762163409e-05,-9.047201203718491e-06
4.78,-0.0012785190759162137,0.0012782460841213913,7.125444362082354e-05,-7.216646734661219e-05,-1.398087517861385e-05
4.79,-0.0012657996356159205,0.001265642058790793,7.054461915018707e-05,-7.006371199224515e-05,-2.7654232608111812e-05
4.8,-0.0012532066982854772,0.001253091629837221,6.984207545826689e-05,-6.88808768094553e-05,-3.217679909208945e-05
4.8100000000000005,-0.0012407390055958092,0.0012406010461754214,6.914672303346862e-05,-6.852386331915424e-05,-2.8491675116926185e-05
4.82,-0.001228395316406328,0.0012282052808886312,6.845841653547769e-05,-6.853968611542195e-05,-2.1142218291424902e-05
4.83,-0.001216174421358377,0.0012160612947083298,6.777677071354e-05,-6.695067094616783e-05,-2.9967028472351748e-05
4.84,-0.0012040750514661985,0.001203869940413841,6.710230138195628e-05,-6.748068842644314e-05,-1.7608477821579732e-05
4.8500000000000005,-0.0011920960329707933,0.0011918575238970901,6.643448811061747e-05,-6.728557000584027e-05,-1.2597601139033993e-05
4.86,-0.0011802361727653963,0.0011800509749261689,6.57732048075925e-05,-6.601352246578215e-05,-1.8462658963550732e-05
4.87,-0.0011684942752859168,0.00116838562073463,6.51185069985135e-05,-6.445794868528756e-05,-2.7243646999196985e-05
4.88,-0.0011568691638112417,0.0011568408795945393,6.447036400039353e-05,-6.286126666932176e-05,-3.65078892208999e-05
4.89,-0.001145359672220693,0.0011453888405651657,6.382876040080305e-05,-6.15576645311035e-05,-4.2902107316531574e-05
4.9,-0.0011339646141120022,0.0011337994508009435,6.319408054978692e-05,-6.340827106518768e-05,-1.7723499429758705e-05
4.91,-0.0011226829099443174,0.0011224465199293054,6.256551774519307e-05,-6.372604273340754e-05,-7.99033689447004e-06
4.92,-0.001111513431016908,0.001111320340584856,6.194302300873828e-05,-6.261807456701794e-05,-1.2627499265956132e-05
4.93,-0.0011004550412005334,0.0011002927346526463,6.132678195706563e-05,-6.167250183491142e-05,-1.5702510979180226e-05
4.94,-0.0010895066409896481,0.001089396789696728,6.071666267886231e-05,-6.0461773383983525e-05,-2.1503683853365402e-05
4.95,-0.0010786671315941418,0.0010786001702544688,6.011266314017765e-05,-5.937627471551407e-05,-2.6114036433896523e-05
4.96,-0.001067935432994213,0.001067920187673603,5.951468406299295e-05,-5.8185945313271596e-05,-3.184072963653174e-05
4.97,-0.0010573104593078315,0.0010572685078213445,5.8922835415889084e-05,-5.798144156303448e-05,-2.7741886202357555e-05
4.98,-0.001046791165545066,0.0010467479678754781,5.833685057979301e-05,-5.746390443953107e-05,-2.684655964842013e-05
4.99,-0.00103637648718297,0.0010362705814312213,5.7756840280235835e-05,-5.771992090132337e-05,-1.825371350199813e-05
5.0,-0.0010260654068566485,0.0010259806054636995,5.718245757396303e-05,-5.693315561395992e-05,-2.018359017619785e-05
